ID,cage,time,glucose,treatment,sex,cohort,dam,rel.glucose
8588,2008,0,147,AL,male,1,7829,100
8588,2008,15,126,AL,male,1,7829,85.71428571428571
8588,2008,30,112,AL,male,1,7829,76.19047619047619
8588,2008,45,79,AL,male,1,7829,53.74149659863946
8588,2008,60,91,AL,male,1,7829,61.904761904761905
8588,2008,75,91,AL,male,1,7829,61.904761904761905
8588,2008,90,86,AL,male,1,7829,58.50340136054422
8588,2008,105,98,AL,male,1,7829,66.66666666666666
8588,2008,120,104,AL,male,1,7829,70.74829931972789
8589,2008,0,164,AL,male,1,7829,100
8589,2008,15,78,AL,male,1,7829,47.5609756097561
8589,2008,30,71,AL,male,1,7829,43.292682926829265
8589,2008,45,62,AL,male,1,7829,37.80487804878049
8589,2008,60,77,AL,male,1,7829,46.95121951219512
8589,2008,75,85,AL,male,1,7829,51.829268292682926
8589,2008,90,84,AL,male,1,7829,51.21951219512195
8589,2008,105,110,AL,male,1,7829,67.07317073170732
8589,2008,120,105,AL,male,1,7829,64.02439024390245
8601,2008,0,178,AL,male,1,7827,100
8601,2008,15,184,AL,male,1,7827,103.37078651685394
8601,2008,30,125,AL,male,1,7827,70.2247191011236
8601,2008,45,105,AL,male,1,7827,58.98876404494382
8601,2008,60,82,AL,male,1,7827,46.06741573033708
8601,2008,75,89,AL,male,1,7827,50
8601,2008,90,87,AL,male,1,7827,48.87640449438202
8601,2008,105,73,AL,male,1,7827,41.01123595505618
8601,2008,120,94,AL,male,1,7827,52.80898876404494
8603,2009,0,147,AL,female,1,7827,100
8603,2009,15,132,AL,female,1,7827,89.79591836734694
8603,2009,30,57,AL,female,1,7827,38.775510204081634
8603,2009,45,54,AL,female,1,7827,36.734693877551024
8603,2009,60,71,AL,female,1,7827,48.29931972789115
8603,2009,75,94,AL,female,1,7827,63.94557823129252
8603,2009,90,97,AL,female,1,7827,65.98639455782312
8603,2009,105,94,AL,female,1,7827,63.94557823129252
8603,2009,120,106,AL,female,1,7827,72.10884353741497
8602,2009,0,157,AL,female,1,7827,100
8602,2009,15,99,AL,female,1,7827,63.05732484076433
8602,2009,30,58,AL,female,1,7827,36.94267515923567
8602,2009,45,NA,AL,female,1,7827,NA
8602,2009,60,NA,AL,female,1,7827,NA
8602,2009,75,NA,AL,female,1,7827,NA
8602,2009,90,NA,AL,female,1,7827,NA
8602,2009,105,NA,AL,female,1,7827,NA
8602,2009,120,NA,AL,female,1,7827,NA
8590,2009,0,127,AL,female,1,7829,100
8590,2009,15,98,AL,female,1,7829,77.16535433070865
8590,2009,30,36,AL,female,1,7829,28.346456692913385
8590,2009,45,NA,AL,female,1,7829,NA
8590,2009,60,NA,AL,female,1,7829,NA
8590,2009,75,NA,AL,female,1,7829,NA
8590,2009,90,NA,AL,female,1,7829,NA
8590,2009,105,NA,AL,female,1,7829,NA
8590,2009,120,NA,AL,female,1,7829,NA
8591,2009,0,155,AL,female,1,7829,100
8591,2009,15,105,AL,female,1,7829,67.74193548387096
8591,2009,30,62,AL,female,1,7829,40
8591,2009,45,56,AL,female,1,7829,36.12903225806451
8591,2009,60,87,AL,female,1,7829,56.12903225806451
8591,2009,75,87,AL,female,1,7829,56.12903225806451
8591,2009,90,80,AL,female,1,7829,51.61290322580645
8591,2009,105,81,AL,female,1,7829,52.25806451612903
8591,2009,120,96,AL,female,1,7829,61.935483870967744
8593,2010,0,238,eTRF,male,1,7864,100
8593,2010,15,138,eTRF,male,1,7864,57.98319327731093
8593,2010,30,125,eTRF,male,1,7864,52.52100840336135
8593,2010,45,101,eTRF,male,1,7864,42.436974789915965
8593,2010,60,95,eTRF,male,1,7864,39.91596638655462
8593,2010,75,91,eTRF,male,1,7864,38.23529411764706
8593,2010,90,89,eTRF,male,1,7864,37.39495798319328
8593,2010,105,95,eTRF,male,1,7864,39.91596638655462
8593,2010,120,102,eTRF,male,1,7864,42.857142857142854
8597,2010,0,175,eTRF,male,1,7826,100
8597,2010,15,134,eTRF,male,1,7826,76.57142857142857
8597,2010,30,111,eTRF,male,1,7826,63.42857142857142
8597,2010,45,121,eTRF,male,1,7826,69.14285714285714
8597,2010,60,106,eTRF,male,1,7826,60.57142857142858
8597,2010,75,92,eTRF,male,1,7826,52.57142857142857
8597,2010,90,103,eTRF,male,1,7826,58.857142857142854
8597,2010,105,104,eTRF,male,1,7826,59.42857142857143
8597,2010,120,107,eTRF,male,1,7826,61.142857142857146
8592,2010,0,197,eTRF,male,1,7864,100
8592,2010,15,77,eTRF,male,1,7864,39.08629441624365
8592,2010,30,77,eTRF,male,1,7864,39.08629441624365
8592,2010,45,89,eTRF,male,1,7864,45.17766497461929
8592,2010,60,76,eTRF,male,1,7864,38.578680203045685
8592,2010,75,82,eTRF,male,1,7864,41.62436548223351
8592,2010,90,81,eTRF,male,1,7864,41.11675126903553
8592,2010,105,93,eTRF,male,1,7864,47.20812182741117
8592,2010,120,99,eTRF,male,1,7864,50.25380710659898
8596,2010,0,278,eTRF,male,1,7826,100
8596,2010,15,108,eTRF,male,1,7826,38.84892086330935
8596,2010,30,106,eTRF,male,1,7826,38.1294964028777
8596,2010,45,95,eTRF,male,1,7826,34.172661870503596
8596,2010,60,108,eTRF,male,1,7826,38.84892086330935
8596,2010,75,97,eTRF,male,1,7826,34.89208633093525
8596,2010,90,96,eTRF,male,1,7826,34.53237410071942
8596,2010,105,104,eTRF,male,1,7826,37.410071942446045
8596,2010,120,111,eTRF,male,1,7826,39.92805755395683
8598,2011,0,265,eTRF,female,1,7826,100
8598,2011,15,98,eTRF,female,1,7826,36.9811320754717
8598,2011,30,114,eTRF,female,1,7826,43.0188679245283
8598,2011,45,85,eTRF,female,1,7826,32.075471698113205
8598,2011,60,73,eTRF,female,1,7826,27.547169811320753
8598,2011,75,92,eTRF,female,1,7826,34.71698113207547
8598,2011,90,109,eTRF,female,1,7826,41.132075471698116
8598,2011,105,103,eTRF,female,1,7826,38.86792452830189
8598,2011,120,103,eTRF,female,1,7826,38.86792452830189
8599,2011,0,135,eTRF,female,1,7826,100
8599,2011,15,109,eTRF,female,1,7826,80.74074074074075
8599,2011,30,104,eTRF,female,1,7826,77.03703703703704
8599,2011,45,75,eTRF,female,1,7826,55.55555555555556
8599,2011,60,76,eTRF,female,1,7826,56.2962962962963
8599,2011,75,82,eTRF,female,1,7826,60.74074074074074
8599,2011,90,76,eTRF,female,1,7826,56.2962962962963
8599,2011,105,65,eTRF,female,1,7826,48.148148148148145
8599,2011,120,75,eTRF,female,1,7826,55.55555555555556
8594,2011,0,180,eTRF,female,1,7864,100
8594,2011,15,104,eTRF,female,1,7864,57.77777777777777
8594,2011,30,48,eTRF,female,1,7864,26.666666666666668
8594,2011,45,52,eTRF,female,1,7864,28.888888888888886
8594,2011,60,48,eTRF,female,1,7864,26.666666666666668
8594,2011,75,74,eTRF,female,1,7864,41.11111111111111
8594,2011,90,139,eTRF,female,1,7864,77.22222222222223
8594,2011,105,99,eTRF,female,1,7864,55.00000000000001
8594,2011,120,111,eTRF,female,1,7864,61.66666666666667
8595,2011,0,148,eTRF,female,1,7864,100
8595,2011,15,142,eTRF,female,1,7864,95.94594594594594
8595,2011,30,66,eTRF,female,1,7864,44.5945945945946
8595,2011,45,NA,eTRF,female,1,7864,NA
8595,2011,60,NA,eTRF,female,1,7864,NA
8595,2011,75,NA,eTRF,female,1,7864,NA
8595,2011,90,NA,eTRF,female,1,7864,NA
8595,2011,105,NA,eTRF,female,1,7864,NA
8595,2011,120,NA,eTRF,female,1,7864,NA
8673,2015,0,224,AL,male,1,7843,100
8673,2015,15,130,AL,male,1,7843,58.03571428571429
8673,2015,30,132,AL,male,1,7843,58.92857142857143
8673,2015,45,111,AL,male,1,7843,49.55357142857143
8673,2015,60,114,AL,male,1,7843,50.89285714285714
8673,2015,75,123,AL,male,1,7843,54.91071428571429
8673,2015,90,125,AL,male,1,7843,55.80357142857143
8673,2015,105,180,AL,male,1,7843,80.35714285714286
8673,2015,120,138,AL,male,1,7843,61.60714285714286
8674,2015,0,176,AL,male,1,7843,100
8674,2015,15,131,AL,male,1,7843,74.43181818181817
8674,2015,30,123,AL,male,1,7843,69.88636363636364
8674,2015,45,100,AL,male,1,7843,56.81818181818182
8674,2015,60,95,AL,male,1,7843,53.97727272727273
8674,2015,75,104,AL,male,1,7843,59.09090909090909
8674,2015,90,94,AL,male,1,7843,53.40909090909091
8674,2015,105,113,AL,male,1,7843,64.20454545454545
8674,2015,120,121,AL,male,1,7843,68.75
8665,2015,0,170,AL,male,1,7830,100
8665,2015,15,101,AL,male,1,7830,59.411764705882355
8665,2015,30,92,AL,male,1,7830,54.11764705882353
8665,2015,45,91,AL,male,1,7830,53.529411764705884
8665,2015,60,66,AL,male,1,7830,38.82352941176471
8665,2015,75,63,AL,male,1,7830,37.05882352941177
8665,2015,90,80,AL,male,1,7830,47.05882352941176
8665,2015,105,82,AL,male,1,7830,48.23529411764706
8665,2015,120,96,AL,male,1,7830,56.470588235294116
8666,2015,0,275,AL,male,1,7830,100
8666,2015,15,130,AL,male,1,7830,47.27272727272727
8666,2015,30,137,AL,male,1,7830,49.81818181818182
8666,2015,45,115,AL,male,1,7830,41.81818181818181
8666,2015,60,106,AL,male,1,7830,38.54545454545455
8666,2015,75,139,AL,male,1,7830,50.54545454545455
8666,2015,90,153,AL,male,1,7830,55.63636363636364
8666,2015,105,139,AL,male,1,7830,50.54545454545455
8666,2015,120,143,AL,male,1,7830,52
8675,2014,0,222,AL,female,1,7843,100
8675,2014,15,115,AL,female,1,7843,51.80180180180181
8675,2014,30,121,AL,female,1,7843,54.5045045045045
8675,2014,45,110,AL,female,1,7843,49.549549549549546
8675,2014,60,103,AL,female,1,7843,46.3963963963964
8675,2014,75,99,AL,female,1,7843,44.5945945945946
8675,2014,90,97,AL,female,1,7843,43.69369369369369
8675,2014,105,114,AL,female,1,7843,51.35135135135135
8675,2014,120,117,AL,female,1,7843,52.702702702702695
8676,2014,0,161,AL,female,1,7843,100
8676,2014,15,117,AL,female,1,7843,72.67080745341616
8676,2014,30,117,AL,female,1,7843,72.67080745341616
8676,2014,45,69,AL,female,1,7843,42.857142857142854
8676,2014,60,83,AL,female,1,7843,51.5527950310559
8676,2014,75,85,AL,female,1,7843,52.79503105590062
8676,2014,90,70,AL,female,1,7843,43.47826086956522
8676,2014,105,70,AL,female,1,7843,43.47826086956522
8676,2014,120,101,AL,female,1,7843,62.732919254658384
8668,2014,0,163,AL,female,1,7830,100
8668,2014,15,91,AL,female,1,7830,55.828220858895705
8668,2014,30,76,AL,female,1,7830,46.62576687116564
8668,2014,45,77,AL,female,1,7830,47.239263803680984
8668,2014,60,70,AL,female,1,7830,42.944785276073624
8668,2014,75,76,AL,female,1,7830,46.62576687116564
8668,2014,90,75,AL,female,1,7830,46.012269938650306
8668,2014,105,87,AL,female,1,7830,53.37423312883436
8668,2014,120,89,AL,female,1,7830,54.601226993865026
8667,2014,0,147,AL,female,1,7830,100
8667,2014,15,125,AL,female,1,7830,85.03401360544217
8667,2014,30,81,AL,female,1,7830,55.10204081632652
8667,2014,45,88,AL,female,1,7830,59.863945578231295
8667,2014,60,97,AL,female,1,7830,65.98639455782312
8667,2014,75,89,AL,female,1,7830,60.544217687074834
8667,2014,90,99,AL,female,1,7830,67.3469387755102
8667,2014,105,100,AL,female,1,7830,68.02721088435374
8667,2014,120,99,AL,female,1,7830,67.3469387755102
8688,2031,0,234,eTRF,male,1,7841,100
8688,2031,15,221,eTRF,male,1,7841,94.44444444444444
8688,2031,30,149,eTRF,male,1,7841,63.67521367521367
8688,2031,45,148,eTRF,male,1,7841,63.24786324786324
8688,2031,60,176,eTRF,male,1,7841,75.21367521367522
8688,2031,75,181,eTRF,male,1,7841,77.35042735042735
8688,2031,90,185,eTRF,male,1,7841,79.05982905982906
8688,2031,105,220,eTRF,male,1,7841,94.01709401709401
8688,2031,120,18,eTRF,male,1,7841,7.6923076923076925
8672,2038,0,157,AL,female,1,7863,100
8672,2038,15,150,AL,female,1,7863,95.54140127388536
8672,2038,30,53,AL,female,1,7863,33.75796178343949
8672,2038,45,28,AL,female,1,7863,17.8343949044586
8672,2038,60,NA,AL,female,1,7863,NA
8672,2038,75,NA,AL,female,1,7863,NA
8672,2038,90,NA,AL,female,1,7863,NA
8672,2038,105,NA,AL,female,1,7863,NA
8672,2038,120,NA,AL,female,1,7863,NA
8679,2038,0,216,AL,female,1,7834,100
8679,2038,15,155,AL,female,1,7834,71.75925925925925
8679,2038,30,115,AL,female,1,7834,53.24074074074075
8679,2038,45,100,AL,female,1,7834,46.2962962962963
8679,2038,60,115,AL,female,1,7834,53.24074074074075
8679,2038,75,103,AL,female,1,7834,47.68518518518518
8679,2038,90,91,AL,female,1,7834,42.129629629629626
8679,2038,105,83,AL,female,1,7834,38.425925925925924
8679,2038,120,83,AL,female,1,7834,38.425925925925924
8680,2038,0,199,AL,female,1,7834,100
8680,2038,15,144,AL,female,1,7834,72.36180904522614
8680,2038,30,100,AL,female,1,7834,50.25125628140703
8680,2038,45,63,AL,female,1,7834,31.65829145728643
8680,2038,60,69,AL,female,1,7834,34.67336683417086
8680,2038,75,78,AL,female,1,7834,39.19597989949749
8680,2038,90,77,AL,female,1,7834,38.69346733668342
8680,2038,105,96,AL,female,1,7834,48.24120603015075
8680,2038,120,97,AL,female,1,7834,48.743718592964825
8669,2037,0,153,AL,male,1,7863,100
8669,2037,15,104,AL,male,1,7863,67.97385620915033
8669,2037,30,99,AL,male,1,7863,64.70588235294117
8669,2037,45,90,AL,male,1,7863,58.82352941176471
8669,2037,60,91,AL,male,1,7863,59.47712418300654
8669,2037,75,87,AL,male,1,7863,56.86274509803921
8669,2037,90,90,AL,male,1,7863,58.82352941176471
8669,2037,105,100,AL,male,1,7863,65.359477124183
8669,2037,120,111,AL,male,1,7863,72.54901960784314
8670,2037,0,181,AL,male,1,7863,100
8670,2037,15,119,AL,male,1,7863,65.74585635359117
8670,2037,30,138,AL,male,1,7863,76.24309392265194
8670,2037,45,107,AL,male,1,7863,59.11602209944752
8670,2037,60,109,AL,male,1,7863,60.22099447513812
8670,2037,75,84,AL,male,1,7863,46.408839779005525
8670,2037,90,100,AL,male,1,7863,55.24861878453039
8670,2037,105,104,AL,male,1,7863,57.4585635359116
8670,2037,120,113,AL,male,1,7863,62.430939226519335
8678,2037,0,200,AL,male,1,7834,100
8678,2037,15,130,AL,male,1,7834,65
8678,2037,30,108,AL,male,1,7834,54
8678,2037,45,97,AL,male,1,7834,48.5
8678,2037,60,96,AL,male,1,7834,48
8678,2037,75,80,AL,male,1,7834,40
8678,2037,90,105,AL,male,1,7834,52.5
8678,2037,105,101,AL,male,1,7834,50.5
8678,2037,120,110,AL,male,1,7834,55.00000000000001
8677,2037,0,204,AL,male,1,7834,100
8677,2037,15,143,AL,male,1,7834,70.09803921568627
8677,2037,30,111,AL,male,1,7834,54.41176470588235
8677,2037,45,88,AL,male,1,7834,43.13725490196079
8677,2037,60,78,AL,male,1,7834,38.23529411764706
8677,2037,75,76,AL,male,1,7834,37.254901960784316
8677,2037,90,107,AL,male,1,7834,52.450980392156865
8677,2037,105,114,AL,male,1,7834,55.88235294117647
8677,2037,120,116,AL,male,1,7834,56.86274509803921
8749,2033,0,157,eTRF,female,1,7862,100
8749,2033,15,122,eTRF,female,1,7862,77.70700636942675
8749,2033,30,89,eTRF,female,1,7862,56.68789808917197
8749,2033,45,84,eTRF,female,1,7862,53.503184713375795
8749,2033,60,78,eTRF,female,1,7862,49.681528662420384
8749,2033,75,70,eTRF,female,1,7862,44.5859872611465
8749,2033,90,97,eTRF,female,1,7862,61.78343949044586
8749,2033,105,92,eTRF,female,1,7862,58.59872611464968
8749,2033,120,96,eTRF,female,1,7862,61.146496815286625
8748,2033,0,205,eTRF,female,1,7862,100
8748,2033,15,133,eTRF,female,1,7862,64.8780487804878
8748,2033,30,99,eTRF,female,1,7862,48.292682926829265
8748,2033,45,74,eTRF,female,1,7862,36.09756097560975
8748,2033,60,74,eTRF,female,1,7862,36.09756097560975
8748,2033,75,74,eTRF,female,1,7862,36.09756097560975
8748,2033,90,82,eTRF,female,1,7862,40
8748,2033,105,92,eTRF,female,1,7862,44.87804878048781
8748,2033,120,107,eTRF,female,1,7862,52.19512195121951
8750,2033,0,201,eTRF,female,1,7862,100
8750,2033,15,76,eTRF,female,1,7862,37.81094527363184
8750,2033,30,61,eTRF,female,1,7862,30.34825870646766
8750,2033,45,55,eTRF,female,1,7862,27.363184079601986
8750,2033,60,72,eTRF,female,1,7862,35.82089552238806
8750,2033,75,79,eTRF,female,1,7862,39.30348258706468
8750,2033,90,100,eTRF,female,1,7862,49.75124378109453
8750,2033,105,118,eTRF,female,1,7862,58.70646766169154
8750,2033,120,112,eTRF,female,1,7862,55.72139303482587
8686,2033,0,151,eTRF,female,1,7822,100
8686,2033,15,84,eTRF,female,1,7822,55.62913907284768
8686,2033,30,49,eTRF,female,1,7822,32.450331125827816
8686,2033,45,50,eTRF,female,1,7822,33.11258278145696
8686,2033,60,66,eTRF,female,1,7822,43.70860927152318
8686,2033,75,74,eTRF,female,1,7822,49.00662251655629
8686,2033,90,79,eTRF,female,1,7822,52.317880794701985
8686,2033,105,84,eTRF,female,1,7822,55.62913907284768
8686,2033,120,100,eTRF,female,1,7822,66.22516556291392
8685,2032,0,148,eTRF,female,1,7822,100
8685,2032,15,96,eTRF,female,1,7822,64.86486486486487
8685,2032,30,105,eTRF,female,1,7822,70.94594594594594
8685,2032,45,105,eTRF,female,1,7822,70.94594594594594
8685,2032,60,102,eTRF,female,1,7822,68.91891891891892
8685,2032,75,102,eTRF,female,1,7822,68.91891891891892
8685,2032,90,115,eTRF,female,1,7822,77.7027027027027
8685,2032,105,109,eTRF,female,1,7822,73.64864864864865
8685,2032,120,114,eTRF,female,1,7822,77.02702702702703
8746,2032,0,176,eTRF,female,1,7822,100
8746,2032,15,111,eTRF,female,1,7822,63.06818181818182
8746,2032,30,84,eTRF,female,1,7822,47.72727272727273
8746,2032,45,69,eTRF,female,1,7822,39.20454545454545
8746,2032,60,65,eTRF,female,1,7822,36.93181818181818
8746,2032,75,62,eTRF,female,1,7822,35.22727272727273
8746,2032,90,77,eTRF,female,1,7822,43.75
8746,2032,105,84,eTRF,female,1,7822,47.72727272727273
8746,2032,120,92,eTRF,female,1,7822,52.27272727272727
8690,2032,0,193,eTRF,female,1,7841,100
8690,2032,15,70,eTRF,female,1,7841,36.26943005181347
8690,2032,30,70,eTRF,female,1,7841,36.26943005181347
8690,2032,45,47,eTRF,female,1,7841,24.352331606217618
8690,2032,60,51,eTRF,female,1,7841,26.42487046632124
8690,2032,75,56,eTRF,female,1,7841,29.015544041450774
8690,2032,90,68,eTRF,female,1,7841,35.233160621761655
8690,2032,105,72,eTRF,female,1,7841,37.30569948186528
8690,2032,120,85,eTRF,female,1,7841,44.04145077720207
8691,2032,0,196,eTRF,female,1,7841,100
8691,2032,15,120,eTRF,female,1,7841,61.224489795918366
8691,2032,30,110,eTRF,female,1,7841,56.12244897959183
8691,2032,45,96,eTRF,female,1,7841,48.97959183673469
8691,2032,60,110,eTRF,female,1,7841,56.12244897959183
8691,2032,75,93,eTRF,female,1,7841,47.44897959183674
8691,2032,90,97,eTRF,female,1,7841,49.48979591836735
8691,2032,105,99,eTRF,female,1,7841,50.51020408163265
8691,2032,120,99,eTRF,female,1,7841,50.51020408163265
8689,2032,0,177,eTRF,female,1,7841,100
8689,2032,15,174,eTRF,female,1,7841,98.30508474576271
8689,2032,30,154,eTRF,female,1,7841,87.00564971751412
8689,2032,45,137,eTRF,female,1,7841,77.40112994350282
8689,2032,60,138,eTRF,female,1,7841,77.96610169491525
8689,2032,75,132,eTRF,female,1,7841,74.57627118644068
8689,2032,90,136,eTRF,female,1,7841,76.8361581920904
8689,2032,105,114,eTRF,female,1,7841,64.40677966101694
8689,2032,120,123,eTRF,female,1,7841,69.49152542372882
458,FA-1,0,216,AL,female,2,128,100
458,FA-1,15,156,AL,female,2,128,72.22222222222221
458,FA-1,30,128,AL,female,2,128,59.25925925925925
458,FA-1,45,103,AL,female,2,128,47.68518518518518
458,FA-1,60,112,AL,female,2,128,51.85185185185185
458,FA-1,75,132,AL,female,2,128,61.111111111111114
458,FA-1,90,145,AL,female,2,128,67.12962962962963
458,FA-1,105,142,AL,female,2,128,65.74074074074075
458,FA-1,120,159,AL,female,2,128,73.61111111111111
459,FA-1,0,190,AL,female,2,128,100
459,FA-1,15,162,AL,female,2,128,85.26315789473684
459,FA-1,30,120,AL,female,2,128,63.1578947368421
459,FA-1,45,90,AL,female,2,128,47.368421052631575
459,FA-1,60,111,AL,female,2,128,58.42105263157895
459,FA-1,75,117,AL,female,2,128,61.578947368421055
459,FA-1,90,132,AL,female,2,128,69.47368421052632
459,FA-1,105,141,AL,female,2,128,74.21052631578947
459,FA-1,120,125,AL,female,2,128,65.78947368421053
462,FA-1,0,174,AL,female,2,146,100
462,FA-1,15,174,AL,female,2,146,100
462,FA-1,30,193,AL,female,2,146,110.91954022988506
462,FA-1,45,191,AL,female,2,146,109.77011494252874
462,FA-1,60,194,AL,female,2,146,111.49425287356323
462,FA-1,75,233,AL,female,2,146,133.90804597701148
462,FA-1,90,206,AL,female,2,146,118.39080459770115
462,FA-1,105,212,AL,female,2,146,121.83908045977012
462,FA-1,120,218,AL,female,2,146,125.28735632183907
463,FA-1,0,187,AL,female,2,146,100
463,FA-1,15,137,AL,female,2,146,73.2620320855615
463,FA-1,30,124,AL,female,2,146,66.31016042780749
463,FA-1,45,125,AL,female,2,146,66.84491978609626
463,FA-1,60,123,AL,female,2,146,65.77540106951871
463,FA-1,75,132,AL,female,2,146,70.58823529411765
463,FA-1,90,130,AL,female,2,146,69.5187165775401
463,FA-1,105,118,AL,female,2,146,63.101604278074866
463,FA-1,120,111,AL,female,2,146,59.35828877005348
454,FE-1,0,202,eTRF,female,2,134,100
454,FE-1,15,108,eTRF,female,2,134,53.46534653465347
454,FE-1,30,118,eTRF,female,2,134,58.415841584158414
454,FE-1,45,83,eTRF,female,2,134,41.089108910891085
454,FE-1,60,93,eTRF,female,2,134,46.03960396039604
454,FE-1,75,94,eTRF,female,2,134,46.53465346534654
454,FE-1,90,87,eTRF,female,2,134,43.06930693069307
454,FE-1,105,96,eTRF,female,2,134,47.524752475247524
454,FE-1,120,97,eTRF,female,2,134,48.01980198019802
455,FE-1,0,230,eTRF,female,2,134,100
455,FE-1,15,163,eTRF,female,2,134,70.86956521739131
455,FE-1,30,128,eTRF,female,2,134,55.65217391304348
455,FE-1,45,133,eTRF,female,2,134,57.826086956521735
455,FE-1,60,133,eTRF,female,2,134,57.826086956521735
455,FE-1,75,145,eTRF,female,2,134,63.04347826086957
455,FE-1,90,138,eTRF,female,2,134,60
455,FE-1,105,141,eTRF,female,2,134,61.30434782608696
455,FE-1,120,147,eTRF,female,2,134,63.91304347826087
466,FE-1,0,201,eTRF,female,2,124,100
466,FE-1,15,129,eTRF,female,2,124,64.17910447761194
466,FE-1,30,165,eTRF,female,2,124,82.08955223880598
466,FE-1,45,179,eTRF,female,2,124,89.05472636815921
466,FE-1,60,190,eTRF,female,2,124,94.5273631840796
466,FE-1,75,222,eTRF,female,2,124,110.44776119402985
466,FE-1,90,206,eTRF,female,2,124,102.48756218905473
466,FE-1,105,189,eTRF,female,2,124,94.02985074626866
466,FE-1,120,176,eTRF,female,2,124,87.56218905472637
467,FE-1,0,216,eTRF,female,2,124,100
467,FE-1,15,100,eTRF,female,2,124,46.2962962962963
467,FE-1,30,108,eTRF,female,2,124,50
467,FE-1,45,104,eTRF,female,2,124,48.148148148148145
467,FE-1,60,101,eTRF,female,2,124,46.75925925925926
467,FE-1,75,118,eTRF,female,2,124,54.629629629629626
467,FE-1,90,116,eTRF,female,2,124,53.70370370370371
467,FE-1,105,119,eTRF,female,2,124,55.092592592592595
467,FE-1,120,114,eTRF,female,2,124,52.77777777777778
464,ME-1,0,220,eTRF,male,2,124,100
464,ME-1,15,186,eTRF,male,2,124,84.54545454545455
464,ME-1,30,132,eTRF,male,2,124,60
464,ME-1,45,124,eTRF,male,2,124,56.36363636363636
464,ME-1,60,123,eTRF,male,2,124,55.90909090909091
464,ME-1,75,121,eTRF,male,2,124,55.00000000000001
464,ME-1,90,140,eTRF,male,2,124,63.63636363636363
464,ME-1,105,131,eTRF,male,2,124,59.54545454545455
464,ME-1,120,127,eTRF,male,2,124,57.72727272727273
465,ME-1,0,222,eTRF,male,2,124,100
465,ME-1,15,182,eTRF,male,2,124,81.98198198198197
465,ME-1,30,121,eTRF,male,2,124,54.5045045045045
465,ME-1,45,158,eTRF,male,2,124,71.17117117117117
465,ME-1,60,158,eTRF,male,2,124,71.17117117117117
465,ME-1,75,161,eTRF,male,2,124,72.52252252252252
465,ME-1,90,159,eTRF,male,2,124,71.62162162162163
465,ME-1,105,188,eTRF,male,2,124,84.68468468468468
465,ME-1,120,170,eTRF,male,2,124,76.57657657657657
456,MA-1,0,225,AL,male,2,128,100
456,MA-1,15,154,AL,male,2,128,68.44444444444444
456,MA-1,30,166,AL,male,2,128,73.77777777777777
456,MA-1,45,168,AL,male,2,128,74.66666666666667
456,MA-1,60,190,AL,male,2,128,84.44444444444444
456,MA-1,75,192,AL,male,2,128,85.33333333333334
456,MA-1,90,186,AL,male,2,128,82.66666666666667
456,MA-1,105,225,AL,male,2,128,100
456,MA-1,120,213,AL,male,2,128,94.66666666666667
457,MA-1,0,201,AL,male,2,128,100
457,MA-1,15,138,AL,male,2,128,68.65671641791045
457,MA-1,30,126,AL,male,2,128,62.68656716417911
457,MA-1,45,130,AL,male,2,128,64.6766169154229
457,MA-1,60,158,AL,male,2,128,78.60696517412936
457,MA-1,75,179,AL,male,2,128,89.05472636815921
457,MA-1,90,194,AL,male,2,128,96.51741293532339
457,MA-1,105,182,AL,male,2,128,90.54726368159204
457,MA-1,120,203,AL,male,2,128,100.99502487562188
460,MA-1,0,223,AL,male,2,146,100
460,MA-1,15,182,AL,male,2,146,81.61434977578476
460,MA-1,30,140,AL,male,2,146,62.78026905829597
460,MA-1,45,127,AL,male,2,146,56.95067264573991
460,MA-1,60,141,AL,male,2,146,63.22869955156951
460,MA-1,75,145,AL,male,2,146,65.02242152466367
460,MA-1,90,144,AL,male,2,146,64.57399103139014
460,MA-1,105,164,AL,male,2,146,73.54260089686099
460,MA-1,120,156,AL,male,2,146,69.95515695067265
461,MA-1,0,205,AL,male,2,146,100
461,MA-1,15,191,AL,male,2,146,93.17073170731707
461,MA-1,30,181,AL,male,2,146,88.29268292682927
461,MA-1,45,178,AL,male,2,146,86.82926829268293
461,MA-1,60,217,AL,male,2,146,105.85365853658537
461,MA-1,75,207,AL,male,2,146,100.97560975609755
461,MA-1,90,207,AL,male,2,146,100.97560975609755
461,MA-1,105,235,AL,male,2,146,114.6341463414634
461,MA-1,120,292,AL,male,2,146,142.4390243902439
452,ME-2,0,156,eTRF,male,2,134,100
452,ME-2,15,130,eTRF,male,2,134,83.33333333333334
452,ME-2,30,111,eTRF,male,2,134,71.15384615384616
452,ME-2,45,92,eTRF,male,2,134,58.97435897435898
452,ME-2,60,90,eTRF,male,2,134,57.692307692307686
452,ME-2,75,86,eTRF,male,2,134,55.12820512820513
452,ME-2,90,95,eTRF,male,2,134,60.89743589743589
452,ME-2,105,101,eTRF,male,2,134,64.74358974358975
452,ME-2,120,112,eTRF,male,2,134,71.7948717948718
453,ME-2,0,213,eTRF,male,2,134,100
453,ME-2,15,148,eTRF,male,2,134,69.48356807511738
453,ME-2,30,111,eTRF,male,2,134,52.112676056338024
453,ME-2,45,108,eTRF,male,2,134,50.70422535211267
453,ME-2,60,118,eTRF,male,2,134,55.39906103286385
453,ME-2,75,119,eTRF,male,2,134,55.86854460093896
453,ME-2,90,125,eTRF,male,2,134,58.68544600938967
453,ME-2,105,125,eTRF,male,2,134,58.68544600938967
453,ME-2,120,118,eTRF,male,2,134,55.39906103286385
472,MA-2,0,164,AL,male,2,123,100
472,MA-2,15,128,AL,male,2,123,78.04878048780488
472,MA-2,30,140,AL,male,2,123,85.36585365853658
472,MA-2,45,154,AL,male,2,123,93.90243902439023
472,MA-2,60,160,AL,male,2,123,97.5609756097561
472,MA-2,75,156,AL,male,2,123,95.1219512195122
472,MA-2,90,191,AL,male,2,123,116.46341463414633
472,MA-2,105,186,AL,male,2,123,113.41463414634146
472,MA-2,120,156,AL,male,2,123,95.1219512195122
473,MA-2,0,248,AL,male,2,123,100
473,MA-2,15,163,AL,male,2,123,65.7258064516129
473,MA-2,30,136,AL,male,2,123,54.83870967741935
473,MA-2,45,125,AL,male,2,123,50.403225806451616
473,MA-2,60,126,AL,male,2,123,50.806451612903224
473,MA-2,75,128,AL,male,2,123,51.61290322580645
473,MA-2,90,133,AL,male,2,123,53.62903225806451
473,MA-2,105,140,AL,male,2,123,56.451612903225815
473,MA-2,120,133,AL,male,2,123,53.62903225806451
468,MA-2,0,183,AL,male,2,143,100
468,MA-2,15,148,AL,male,2,143,80.87431693989072
468,MA-2,30,106,AL,male,2,143,57.92349726775956
468,MA-2,45,81,AL,male,2,143,44.26229508196721
468,MA-2,60,79,AL,male,2,143,43.169398907103826
468,MA-2,75,85,AL,male,2,143,46.44808743169399
468,MA-2,90,107,AL,male,2,143,58.46994535519126
468,MA-2,105,106,AL,male,2,143,57.92349726775956
468,MA-2,120,108,AL,male,2,143,59.01639344262295
469,MA-2,0,215,AL,male,2,143,100
469,MA-2,15,155,AL,male,2,143,72.09302325581395
469,MA-2,30,141,AL,male,2,143,65.58139534883722
469,MA-2,45,141,AL,male,2,143,65.58139534883722
469,MA-2,60,101,AL,male,2,143,46.97674418604651
469,MA-2,75,109,AL,male,2,143,50.697674418604656
469,MA-2,90,116,AL,male,2,143,53.95348837209303
469,MA-2,105,124,AL,male,2,143,57.674418604651166
469,MA-2,120,116,AL,male,2,143,53.95348837209303
474,FA-2,0,189,AL,female,2,123,100
474,FA-2,15,164,AL,female,2,123,86.77248677248677
474,FA-2,30,107,AL,female,2,123,56.613756613756614
474,FA-2,45,110,AL,female,2,123,58.201058201058196
474,FA-2,60,110,AL,female,2,123,58.201058201058196
474,FA-2,75,145,AL,female,2,123,76.71957671957672
474,FA-2,90,127,AL,female,2,123,67.1957671957672
474,FA-2,105,130,AL,female,2,123,68.78306878306879
474,FA-2,120,114,AL,female,2,123,60.317460317460316
475,FA-2,0,159,AL,female,2,123,100
475,FA-2,15,184,AL,female,2,123,115.72327044025157
475,FA-2,30,148,AL,female,2,123,93.08176100628931
475,FA-2,45,138,AL,female,2,123,86.79245283018868
475,FA-2,60,134,AL,female,2,123,84.27672955974843
475,FA-2,75,144,AL,female,2,123,90.56603773584906
475,FA-2,90,145,AL,female,2,123,91.19496855345912
475,FA-2,105,151,AL,female,2,123,94.9685534591195
475,FA-2,120,145,AL,female,2,123,91.19496855345912
470,FA-2,0,179,AL,female,2,143,100
470,FA-2,15,128,AL,female,2,143,71.50837988826815
470,FA-2,30,114,AL,female,2,143,63.687150837988824
470,FA-2,45,107,AL,female,2,143,59.77653631284916
470,FA-2,60,110,AL,female,2,143,61.452513966480446
470,FA-2,75,142,AL,female,2,143,79.3296089385475
470,FA-2,90,120,AL,female,2,143,67.0391061452514
470,FA-2,105,119,AL,female,2,143,66.4804469273743
470,FA-2,120,131,AL,female,2,143,73.18435754189943
471,FA-2,0,186,AL,female,2,143,100
471,FA-2,15,88,AL,female,2,143,47.31182795698925
471,FA-2,30,105,AL,female,2,143,56.451612903225815
471,FA-2,45,101,AL,female,2,143,54.3010752688172
471,FA-2,60,95,AL,female,2,143,51.075268817204304
471,FA-2,75,109,AL,female,2,143,58.602150537634415
471,FA-2,90,110,AL,female,2,143,59.13978494623656
471,FA-2,105,119,AL,female,2,143,63.97849462365591
471,FA-2,120,118,AL,female,2,143,63.44086021505376
